{"showLogo":"plan","costsEnabledOutOfPocket":false,"showPhysicianId":true,"showAffiliateDisclaimer":true,"showTieredHospital":false,"enableNptV2Tiering":true,"hasPreferredHospital":false,"enableSingleDocEmail":true,"premiumTierEnabled":false,"showAcePlatinum":true,"localesEnabled":["en-US","es-US"],"showEnrollment":true,"showSpanish":true,"tierBadgesToShow":[],"showExternalLinkDisclaimer":false,"painManagementEnabled":false,"showCostsForGuest":true,"pcpSpecialties":[],"showMyHceLink":true,"customSortBoosts":[],"showPreferredLabNetwork":true,"showOutOfNetworkProviders":false,"hasPreferredFacility":false,"showAllProviderPlans":false,"hasPreferredMedicalGroup":false,"showChinese":false,"hasPreferredProvider":false,"behavioralAncillaryBenefitLink":"https://bhoptions.com/Member","enableCarePaths":true,"customDisclaimers":[],"preferredProviderIconType":"diamond","telemedicineExperience":"none","showAlternativeMedicine":false,"enableComplexCarePaths":true,"showMedicare":false,"showMedicalGroupDirectory":true,"costsEnabledGeoAverage":false,"showVietnamese":false,"showPcpGeographicDisclaimer":false,"shouldForcePlanYearSelection":false,"nonGatedEnabled":false,"displayOutOfPocketCost":false,"dentalExperience":"linkOut","costsUseOrchestration":false,"costsEnabled":false,"showProviderDetailsServicesCostsTab":true,"providerSortOrder":"distance","showPdfDirectory":true,"hasUnpreferredProvider":false,"enableBehavioralHealthScheduling":false,"enableMedicalHealthVirtualScheduling":false,"showAllianceLogo":false,"showCareteam":true,"enableEnhancedCostBands":false,"showPortuguese":false,"showAcceptingNewPatients":true,"enableTelemedicine":false,"suppressCostEfficiencySort":false,"showFreestandingFacilities":true,"showMapView":true,"globalSearchEnabled":false,"showNcqa":true,"showReviewsForGuests":true,"enableCommonServices":false,"showReviews":true,"hasDualYearProviders":false,"enableBehavioralCarePaths":true,"showCareChecklist":true,"showMedicalGroupEnrollmentId":false,"showOoaNoResultsMessage":false,"showSpecialtyTypeFilter":false,"medicalPlanId":"064105d7-f404-4185-a4e2-caf8e53a63a6","suppressNationalGroups":false,"costsEnabledProviders":false,"accreditationSortOrder":[]}
