{"showLogo":"partner","costsEnabledOutOfPocket":true,"showPhysicianId":true,"showAffiliateDisclaimer":true,"showTieredHospital":false,"enableNptV2Tiering":true,"hasPreferredHospital":true,"enableSingleDocEmail":true,"premiumTierEnabled":true,"showAcePlatinum":true,"localesEnabled":["en-US","es-US"],"showEnrollment":true,"showSpanish":true,"tierBadgesToShow":[],"showExternalLinkDisclaimer":false,"painManagementEnabled":false,"showCostsForGuest":true,"pcpSpecialties":[],"showMyHceLink":true,"customSortBoosts":[],"hospitalSortOrder":"preferredFacility","showPreferredLabNetwork":true,"showOutOfNetworkProviders":true,"hasPreferredFacility":true,"showAllProviderPlans":false,"hasPreferredMedicalGroup":true,"showChinese":false,"hasPreferredProvider":true,"enableCarePaths":true,"customDisclaimers":[],"preferredProviderIconType":"diamond","telemedicineExperience":"teladoc","showAlternativeMedicine":false,"enableComplexCarePaths":true,"showMedicare":false,"showMedicalGroupDirectory":true,"costsEnabledGeoAverage":true,"showVietnamese":false,"showPcpGeographicDisclaimer":false,"shouldForcePlanYearSelection":false,"nonGatedEnabled":true,"displayOutOfPocketCost":true,"dentalExperience":"linkOut","costsUseOrchestration":false,"alternativeMedicineNetwork":{"planCode":"ALTCOMBO","providerSearchCode":"ALTCOMBO"},"costsEnabled":true,"showProviderDetailsServicesCostsTab":true,"providerSortOrder":"preferred","showPdfDirectory":true,"hasUnpreferredProvider":false,"hasOnlineScheduling":false,"enableBehavioralHealthScheduling":true,"enableMedicalHealthVirtualScheduling":true,"showAllianceLogo":false,"showCareteam":true,"enableEnhancedCostBands":true,"showPortuguese":false,"showAcceptingNewPatients":true,"enableTelemedicine":false,"suppressCostEfficiencySort":false,"showFreestandingFacilities":true,"showMapView":true,"globalSearchEnabled":false,"showNcqa":true,"showReviewsForGuests":true,"enableCommonServices":true,"showReviews":true,"hasDualYearProviders":false,"enableBehavioralCarePaths":true,"showCareChecklist":true,"showMedicalGroupEnrollmentId":false,"showOoaNoResultsMessage":false,"facilitySortOrder":"preferredFacility","planNameOverride":"UHG WellMed with Choice Plus","showSpecialtyTypeFilter":true,"medicalPlanId":"1066eda6-d7a7-45dd-bcf7-c43ca44e677e","suppressNationalGroups":false,"costsEnabledProviders":true,"accreditationSortOrder":[]}
