{"showLogo":"partner","costsEnabledOutOfPocket":false,"showPhysicianId":true,"showAffiliateDisclaimer":false,"showTieredHospital":false,"enableNptV2Tiering":true,"hasPreferredHospital":false,"enableSingleDocEmail":false,"premiumTierEnabled":false,"showAcePlatinum":true,"localesEnabled":["en-US","es-US"],"showEnrollment":true,"showSpanish":true,"tierBadgesToShow":[],"showExternalLinkDisclaimer":false,"painManagementEnabled":false,"showCostsForGuest":false,"pcpSpecialties":[],"showMyHceLink":false,"customSortBoosts":[],"showPreferredLabNetwork":false,"showOutOfNetworkProviders":false,"hasPreferredFacility":false,"showAllProviderPlans":false,"hasPreferredMedicalGroup":false,"showChinese":false,"hasPreferredProvider":false,"enableCarePaths":true,"customDisclaimers":[],"preferredProviderIconType":"diamond","telemedicineExperience":"none","showAlternativeMedicine":false,"enableComplexCarePaths":true,"showMedicare":false,"showMedicalGroupDirectory":true,"costsEnabledGeoAverage":true,"showVietnamese":false,"showPcpGeographicDisclaimer":false,"shouldForcePlanYearSelection":false,"nonGatedEnabled":false,"displayOutOfPocketCost":false,"dentalExperience":"noDental","costsUseOrchestration":true,"costsEnabled":true,"showProviderDetailsServicesCostsTab":true,"providerSortOrder":"distance","showPdfDirectory":true,"hasUnpreferredProvider":false,"enableBehavioralHealthScheduling":false,"enableMedicalHealthVirtualScheduling":false,"showAllianceLogo":false,"showCareteam":true,"enableEnhancedCostBands":false,"showPortuguese":false,"showAcceptingNewPatients":true,"enableTelemedicine":false,"suppressCostEfficiencySort":false,"showFreestandingFacilities":false,"showMapView":true,"globalSearchEnabled":false,"showNcqa":false,"showReviewsForGuests":false,"enableCommonServices":true,"showReviews":false,"hasDualYearProviders":false,"enableBehavioralCarePaths":true,"showCareChecklist":true,"showMedicalGroupEnrollmentId":false,"showOoaNoResultsMessage":false,"showSpecialtyTypeFilter":false,"suppressNationalGroups":true,"costsEnabledProviders":false,"accreditationSortOrder":[]}
