{"showLogo":"partner","costsEnabledOutOfPocket":false,"showPhysicianId":true,"showAffiliateDisclaimer":true,"showTieredHospital":false,"enableNptV2Tiering":true,"hasPreferredHospital":false,"enableSingleDocEmail":true,"premiumTierEnabled":false,"showAcePlatinum":true,"localesEnabled":["en-US","es-US","ht-HT","il-PH","ko-US","tl-PH","vi-VN","zh-TW"],"showEnrollment":true,"showSpanish":true,"tierBadgesToShow":[],"showExternalLinkDisclaimer":false,"painManagementEnabled":false,"showCostsForGuest":true,"pcpSpecialties":[],"showMyHceLink":false,"customSortBoosts":[],"showPreferredLabNetwork":false,"showOutOfNetworkProviders":false,"hasPreferredFacility":false,"showAllProviderPlans":true,"hasPreferredMedicalGroup":false,"showChinese":false,"hasPreferredProvider":true,"enableCarePaths":true,"customDisclaimers":[],"preferredProviderIconType":"diamond","telemedicineExperience":"amwell","showAlternativeMedicine":false,"enableComplexCarePaths":true,"showMedicare":false,"showMedicalGroupDirectory":true,"costsEnabledGeoAverage":false,"showVietnamese":false,"showPcpGeographicDisclaimer":false,"shouldForcePlanYearSelection":false,"nonGatedEnabled":false,"displayOutOfPocketCost":false,"dentalExperience":"linkOut","costsUseOrchestration":false,"costsEnabled":false,"showProviderDetailsServicesCostsTab":true,"providerSortOrder":"preferred","showPdfDirectory":true,"hasUnpreferredProvider":false,"enableBehavioralHealthScheduling":false,"enableMedicalHealthVirtualScheduling":false,"showAllianceLogo":false,"showCareteam":true,"enableEnhancedCostBands":true,"showPortuguese":false,"showAcceptingNewPatients":true,"enableTelemedicine":false,"suppressCostEfficiencySort":false,"showFreestandingFacilities":false,"showMapView":true,"globalSearchEnabled":false,"showNcqa":true,"showReviewsForGuests":true,"enableCommonServices":false,"showReviews":true,"hasDualYearProviders":false,"enableBehavioralCarePaths":true,"showCareChecklist":true,"showMedicalGroupEnrollmentId":false,"showOoaNoResultsMessage":false,"showSpecialtyTypeFilter":false,"suppressNationalGroups":false,"costsEnabledProviders":false,"accreditationSortOrder":[]}
