{"showLogo":"partner","costsEnabledOutOfPocket":false,"showPhysicianId":true,"showAffiliateDisclaimer":false,"showTieredHospital":false,"enableNptV2Tiering":true,"hasPreferredHospital":false,"enableSingleDocEmail":true,"premiumTierEnabled":false,"showAcePlatinum":true,"localesEnabled":["en-US","es-US"],"showEnrollment":true,"showSpanish":true,"tierBadgesToShow":[],"showExternalLinkDisclaimer":true,"painManagementEnabled":false,"showCostsForGuest":false,"pcpSpecialties":[],"showMyHceLink":false,"customSortBoosts":[],"showPreferredLabNetwork":true,"showOutOfNetworkProviders":false,"hasPreferredFacility":false,"showAllProviderPlans":true,"hasPreferredMedicalGroup":false,"showChinese":false,"hasPreferredProvider":false,"enableCarePaths":true,"customDisclaimers":[],"preferredProviderIconType":"diamond","telemedicineExperience":"amwell","showAlternativeMedicine":false,"enableComplexCarePaths":true,"showMedicare":true,"showMedicalGroupDirectory":true,"costsEnabledGeoAverage":true,"showVietnamese":false,"showPcpGeographicDisclaimer":false,"shouldForcePlanYearSelection":false,"nonGatedEnabled":false,"displayOutOfPocketCost":false,"dentalExperience":"linkOut","costsUseOrchestration":false,"loginDisclaimer":"uhc.mnr.plan","costsEnabled":false,"showProviderDetailsServicesCostsTab":true,"providerSortOrder":"distance","showPdfDirectory":true,"hasUnpreferredProvider":false,"enableBehavioralHealthScheduling":false,"enableMedicalHealthVirtualScheduling":true,"showAllianceLogo":false,"showCareteam":true,"enableEnhancedCostBands":true,"showPortuguese":false,"showAcceptingNewPatients":true,"enableTelemedicine":true,"suppressCostEfficiencySort":false,"showFreestandingFacilities":true,"showMapView":true,"globalSearchEnabled":false,"showNcqa":true,"showReviewsForGuests":true,"enableCommonServices":false,"showReviews":true,"hasDualYearProviders":true,"enableBehavioralCarePaths":true,"showCareChecklist":false,"showMedicalGroupEnrollmentId":false,"showOoaNoResultsMessage":false,"showSpecialtyTypeFilter":true,"medicalPlanId":"f21c01a3-4780-4c02-98e8-995d623adcd3","suppressNationalGroups":true,"costsEnabledProviders":true,"accreditationSortOrder":[]}
