{"showLogo":"partner","costsEnabledOutOfPocket":true,"showPhysicianId":true,"showAffiliateDisclaimer":true,"showTieredHospital":false,"enableNptV2Tiering":true,"hasPreferredHospital":false,"enableSingleDocEmail":true,"premiumTierEnabled":true,"showAcePlatinum":true,"localesEnabled":["en-US","es-US"],"showEnrollment":true,"showSpanish":true,"tierBadgesToShow":[],"showExternalLinkDisclaimer":false,"painManagementEnabled":false,"showCostsForGuest":true,"pcpSpecialties":[],"showMyHceLink":true,"customSortBoosts":[],"showPreferredLabNetwork":true,"showOutOfNetworkProviders":true,"hasPreferredFacility":false,"showAllProviderPlans":false,"hasPreferredMedicalGroup":false,"showChinese":false,"hasPreferredProvider":false,"enableCarePaths":true,"customDisclaimers":[],"preferredProviderIconType":"diamond","telemedicineExperience":"teladoc","showAlternativeMedicine":false,"enableComplexCarePaths":true,"showMedicare":false,"showMedicalGroupDirectory":true,"costsEnabledGeoAverage":true,"showVietnamese":false,"showPcpGeographicDisclaimer":false,"shouldForcePlanYearSelection":false,"nonGatedEnabled":true,"displayOutOfPocketCost":true,"dentalExperience":"linkOut","costsUseOrchestration":false,"alternativeMedicineNetwork":{"planCode":"ALTCOMBO","providerSearchCode":"ALTCOMBO"},"costsEnabled":true,"showProviderDetailsServicesCostsTab":true,"providerSortOrder":"uhpd","showPdfDirectory":true,"hasUnpreferredProvider":false,"hasOnlineScheduling":false,"enableBehavioralHealthScheduling":true,"enableMedicalHealthVirtualScheduling":true,"showAllianceLogo":false,"showCareteam":true,"enableEnhancedCostBands":true,"showPortuguese":false,"showAcceptingNewPatients":true,"enableTelemedicine":false,"suppressCostEfficiencySort":false,"showFreestandingFacilities":true,"showMapView":true,"globalSearchEnabled":false,"showNcqa":true,"showReviewsForGuests":true,"enableCommonServices":true,"showReviews":true,"hasDualYearProviders":false,"enableBehavioralCarePaths":true,"showCareChecklist":true,"showMedicalGroupEnrollmentId":false,"showOoaNoResultsMessage":false,"planNameOverride":"Deere Premier","showSpecialtyTypeFilter":true,"medicalPlanId":"63e8d413-edbd-4fcc-b2e1-b9c40a0e7596","suppressNationalGroups":false,"costsEnabledProviders":true,"accreditationSortOrder":[]}
