{"showLogo":"partner","costsEnabledOutOfPocket":false,"showPhysicianId":true,"showAffiliateDisclaimer":true,"showTieredHospital":false,"enableNptV2Tiering":true,"hasPreferredHospital":false,"enableSingleDocEmail":true,"premiumTierEnabled":false,"showAcePlatinum":true,"localesEnabled":["en-US","es-US"],"showEnrollment":true,"showSpanish":true,"tierBadgesToShow":[],"showExternalLinkDisclaimer":false,"painManagementEnabled":false,"showCostsForGuest":true,"pcpSpecialties":[],"showMyHceLink":true,"customSortBoosts":[],"showPreferredLabNetwork":true,"showOutOfNetworkProviders":false,"hasPreferredFacility":false,"showAllProviderPlans":true,"hasPreferredMedicalGroup":false,"showChinese":false,"hasPreferredProvider":false,"enableCarePaths":true,"customDisclaimers":[],"preferredProviderIconType":"diamond","telemedicineExperience":"teladoc","showAlternativeMedicine":false,"enableComplexCarePaths":false,"showMedicare":false,"showMedicalGroupDirectory":true,"costsEnabledGeoAverage":true,"showVietnamese":false,"showPcpGeographicDisclaimer":false,"shouldForcePlanYearSelection":false,"nonGatedEnabled":false,"displayOutOfPocketCost":false,"dentalExperience":"linkOut","costsUseOrchestration":false,"loginDisclaimer":"uhc.west.ca.plan","costsEnabled":false,"showProviderDetailsServicesCostsTab":true,"providerSortOrder":"distance","showPdfDirectory":true,"hasUnpreferredProvider":false,"enableBehavioralHealthScheduling":true,"enableMedicalHealthVirtualScheduling":false,"showAllianceLogo":false,"showCareteam":true,"enableEnhancedCostBands":true,"showPortuguese":false,"showAcceptingNewPatients":true,"enableTelemedicine":false,"suppressCostEfficiencySort":false,"showFreestandingFacilities":true,"showMapView":true,"globalSearchEnabled":false,"showNcqa":true,"showReviewsForGuests":true,"enableCommonServices":false,"showReviews":true,"hasDualYearProviders":false,"enableBehavioralCarePaths":true,"showCareChecklist":true,"showMedicalGroupEnrollmentId":true,"showOoaNoResultsMessage":false,"planNameOverride":"CS VEBA Performance HMO - Network 1","showSpecialtyTypeFilter":true,"medicalPlanId":"6cb35084-dd99-4530-ac1a-253bad655245","suppressNationalGroups":false,"costsEnabledProviders":true,"accreditationSortOrder":[]}
