{"showLogo":"partner","costsEnabledOutOfPocket":false,"showPhysicianId":true,"showAffiliateDisclaimer":true,"showTieredHospital":false,"enableNptV2Tiering":true,"hasPreferredHospital":false,"enableSingleDocEmail":true,"premiumTierEnabled":false,"showAcePlatinum":true,"localesEnabled":["en-US","es-US"],"showEnrollment":true,"showSpanish":true,"tierBadgesToShow":[],"showExternalLinkDisclaimer":false,"painManagementEnabled":false,"showCostsForGuest":true,"pcpSpecialties":[],"showMyHceLink":true,"customSortBoosts":[],"showPreferredLabNetwork":true,"showOutOfNetworkProviders":true,"hasPreferredFacility":false,"showAllProviderPlans":false,"hasPreferredMedicalGroup":true,"showChinese":false,"hasPreferredProvider":false,"enableCarePaths":true,"customDisclaimers":[],"preferredProviderIconType":"diamond","telemedicineExperience":"teladoc","showAlternativeMedicine":false,"enableComplexCarePaths":true,"showMedicare":false,"showMedicalGroupDirectory":true,"costsEnabledGeoAverage":true,"showVietnamese":false,"showPcpGeographicDisclaimer":false,"shouldForcePlanYearSelection":false,"nonGatedEnabled":true,"displayOutOfPocketCost":false,"dentalExperience":"linkOut","costsUseOrchestration":false,"alternativeMedicineNetwork":{"planCode":"ALTCOMBO","providerSearchCode":"ALTCOMBO"},"costsEnabled":false,"showProviderDetailsServicesCostsTab":true,"providerSortOrder":"distance","showPdfDirectory":true,"hasUnpreferredProvider":false,"hasOnlineScheduling":false,"enableBehavioralHealthScheduling":true,"enableMedicalHealthVirtualScheduling":true,"showAllianceLogo":false,"showCareteam":true,"enableEnhancedCostBands":true,"showPortuguese":false,"showAcceptingNewPatients":true,"enableTelemedicine":false,"suppressCostEfficiencySort":false,"showFreestandingFacilities":true,"showMapView":true,"globalSearchEnabled":false,"showNcqa":true,"showReviewsForGuests":false,"enableCommonServices":false,"showReviews":false,"hasDualYearProviders":true,"enableBehavioralCarePaths":true,"showCareChecklist":true,"showMedicalGroupEnrollmentId":false,"showOoaNoResultsMessage":false,"planNameOverride":"Choice","showSpecialtyTypeFilter":true,"medicalPlanId":"62514c20-ae9d-43fe-9b6e-56124228e451","suppressNationalGroups":false,"costsEnabledProviders":true,"accreditationSortOrder":[]}
