{"showLogo":"partner","costsEnabledOutOfPocket":false,"showPhysicianId":false,"showAffiliateDisclaimer":true,"showTieredHospital":false,"enableNptV2Tiering":true,"hasPreferredHospital":false,"enableSingleDocEmail":true,"premiumTierEnabled":false,"showAcePlatinum":false,"localesEnabled":["en-US","es-US"],"showEnrollment":true,"showSpanish":true,"tierBadgesToShow":[],"showExternalLinkDisclaimer":false,"painManagementEnabled":false,"showCostsForGuest":true,"pcpSpecialties":[],"showMyHceLink":true,"customSortBoosts":[],"showPreferredLabNetwork":true,"showOutOfNetworkProviders":false,"hasPreferredFacility":false,"showAllProviderPlans":false,"hasPreferredMedicalGroup":false,"showChinese":false,"hasPreferredProvider":false,"enableCarePaths":true,"customDisclaimers":[],"preferredProviderIconType":"diamond","telemedicineExperience":"none","showAlternativeMedicine":false,"enableComplexCarePaths":true,"showMedicare":false,"showMedicalGroupDirectory":false,"costsEnabledGeoAverage":true,"showVietnamese":false,"showPcpGeographicDisclaimer":false,"shouldForcePlanYearSelection":false,"nonGatedEnabled":false,"displayOutOfPocketCost":false,"dentalExperience":"linkOut","costsUseOrchestration":false,"costsEnabled":false,"showProviderDetailsServicesCostsTab":true,"providerSortOrder":"distance","showPdfDirectory":true,"hasUnpreferredProvider":false,"enableBehavioralHealthScheduling":false,"enableMedicalHealthVirtualScheduling":true,"showAllianceLogo":false,"showCareteam":false,"enableEnhancedCostBands":false,"showPortuguese":false,"showAcceptingNewPatients":true,"enableTelemedicine":false,"suppressCostEfficiencySort":false,"showFreestandingFacilities":false,"showMapView":true,"globalSearchEnabled":false,"showNcqa":false,"showReviewsForGuests":false,"enableCommonServices":false,"showReviews":false,"hasDualYearProviders":false,"enableBehavioralCarePaths":true,"showCareChecklist":false,"showMedicalGroupEnrollmentId":false,"showOoaNoResultsMessage":false,"showSpecialtyTypeFilter":false,"suppressNationalGroups":false,"costsEnabledProviders":true,"accreditationSortOrder":[]}
