{"showLogo":"partner","costsEnabledOutOfPocket":false,"showPhysicianId":true,"showAffiliateDisclaimer":true,"showTieredHospital":false,"enableNptV2Tiering":true,"hasPreferredHospital":true,"enableSingleDocEmail":true,"premiumTierEnabled":false,"showAcePlatinum":true,"localesEnabled":["en-US","es-US"],"showEnrollment":true,"showSpanish":true,"tierBadgesToShow":[],"showExternalLinkDisclaimer":false,"painManagementEnabled":false,"showCostsForGuest":true,"pcpSpecialties":[],"showMyHceLink":true,"customSortBoosts":[],"hospitalSortOrder":"preferredFacility","showPreferredLabNetwork":false,"showOutOfNetworkProviders":true,"hasPreferredFacility":true,"showAllProviderPlans":false,"hasPreferredMedicalGroup":true,"showChinese":false,"hasPreferredProvider":true,"enableCarePaths":true,"customDisclaimers":[],"preferredProviderIconType":"diamond","telemedicineExperience":"teladoc","showAlternativeMedicine":false,"enableComplexCarePaths":true,"showMedicare":false,"showMedicalGroupDirectory":true,"costsEnabledGeoAverage":true,"showVietnamese":false,"showPcpGeographicDisclaimer":false,"shouldForcePlanYearSelection":false,"nonGatedEnabled":true,"displayOutOfPocketCost":false,"dentalExperience":"linkOut","costsUseOrchestration":false,"alternativeMedicineNetwork":{"planCode":"ALTCOMBO","providerSearchCode":"ALTCOMBO"},"costsEnabled":false,"showProviderDetailsServicesCostsTab":true,"providerSortOrder":"preferred","showPdfDirectory":true,"hasUnpreferredProvider":false,"hasOnlineScheduling":false,"enableBehavioralHealthScheduling":true,"enableMedicalHealthVirtualScheduling":true,"showAllianceLogo":false,"showCareteam":true,"enableEnhancedCostBands":true,"showPortuguese":false,"showAcceptingNewPatients":true,"enableTelemedicine":false,"suppressCostEfficiencySort":false,"showFreestandingFacilities":true,"showMapView":true,"globalSearchEnabled":false,"showNcqa":true,"showReviewsForGuests":false,"enableCommonServices":false,"showReviews":false,"hasDualYearProviders":true,"enableBehavioralCarePaths":true,"showCareChecklist":true,"showMedicalGroupEnrollmentId":false,"showOoaNoResultsMessage":false,"facilitySortOrder":"preferredFacility","planNameOverride":"Choice Plus","showSpecialtyTypeFilter":true,"medicalPlanId":"8353ec3f-dd9f-45c2-ab0b-cb6bfa963e24","suppressNationalGroups":false,"costsEnabledProviders":true,"accreditationSortOrder":[]}
